begin;
------------------------------------------------------------------------------------------------------------------------------------------------------------------

INSERT INTO company VALUES 
('CMP001', 'Tata Motors', 'India', 1),
('CMP016','Toyota','Japan',16),('CMP017','Mazda','Japan',17),
('CMP002', 'Mahindra & Mahindra', 'India', 2),
('CMP003', 'Maruti Suzuki', 'India', 3),
('CMP004', 'Ashok Leyland', 'India', 4),
('CMP005', 'Force Motors', 'India', 5),
('CMP006', 'TVS Motor', 'India', 6),
('CMP007', 'Eicher Motors', 'India', 7),
('CMP008', 'Hero MotoCorp', 'India', 8),
('CMP009', 'Bajaj Auto', 'India', 9),
('CMP010', 'Ola Electric', 'India', 10),
('CMP011', 'Ather Energy', 'India', 11),
('CMP012', 'Kinetic Green', 'India', 12),
('CMP013', 'Revolt Motors', 'India', 13),
('CMP014', 'Simple Energy', 'India', 14),
('CMP015', 'Ultraviolette', 'India', 15);

------------------------------------------------------------------------------------------------------------------------------------------------------------------

INSERT INTO car VALUES
('CAR101', 'Corolla', 'Sedan', 'Corolla-2022', 'CMP016', 2022, 'Automatic', 5, 50.0, 'White', 'Petrol', 6, 180, 14.8, 4, false),
('CAR102', 'Mazda3', 'Sedan', 'Mazda3-2021', 'CMP017', 2021, 'Manual', 5, 48.5, 'Red', 'Diesel', 4, 175, 13.5, 4, true),
('CAR001', 'Scorpio-N', 'Hatchback', 'Scorpio-N-2020', 'CMP012', 2021, 'Manual', 5, 53.4, 'Grey', 'Petrol', 5, 167, 12.4, 2, true),
('CAR002', 'Punch', 'SUV', 'Punch-2024', 'CMP010', 2024, 'Manual', 7, 40.5, 'Grey', 'Diesel', 3, 188, 22.5, 5, false),
('CAR003', 'Thar', 'Hatchback', 'Thar-2021', 'CMP004', 2020, 'Manual', 7, 37.4, 'Red', 'Electric', 4, 191, 12.6, 5, true),
('CAR004', 'XUV700', 'Hatchback', 'XUV700-2020', 'CMP009', 2024, 'Automatic', 5, 52.6, 'White', 'Electric', 3, 189, 15.8, 2, true),
('CAR005', 'Scorpio-N', 'Hatchback', 'Scorpio-N-2023', 'CMP005', 2022, 'Manual', 7, 43.9, 'Red', 'Electric', 5, 181, 12.9, 3, true),
('CAR006', 'Baleno', 'Hatchback', 'Baleno-2023', 'CMP007', 2024, 'Manual', 7, 56.1, 'White', 'Petrol', 3, 191, 16.1, 4, true),
('CAR007', 'Punch', 'Sedan', 'Punch-2024-V1', 'CMP015', 2022, 'Manual', 7, 44.9, 'Blue', 'Petrol', 4, 148, 15.2, 4, false),
('CAR008', 'Harrier', 'Sedan', 'Harrier-2023', 'CMP015', 2023, 'Automatic', 5, 59.9, 'Black', 'Electric', 4, 145, 21.8, 2, true),
('CAR009', 'Baleno', 'SUV', 'Baleno-2023-V1', 'CMP010', 2023, 'Automatic', 7, 48.2, 'Grey', 'Petrol', 5, 186, 13.5, 6, false),
('CAR010', 'Alto', 'Hatchback', 'Alto-2020', 'CMP005', 2021, 'Automatic', 5, 58.8, 'Red', 'Electric', 3, 172, 23.9, 4, true),
('CAR011', 'Baleno', 'SUV', 'Baleno-2021', 'CMP013', 2024, 'Manual', 7, 47.2, 'White', 'Diesel', 4, 155, 12.8, 6, true),
('CAR012', 'Scorpio-N', 'SUV', 'Scorpio-N-2023-V1', 'CMP014', 2024, 'Manual', 5, 51.5, 'Grey', 'Petrol', 4, 173, 23.3, 5, true),
('CAR013', 'Tiago', 'Hatchback', 'Tiago-2021', 'CMP012', 2023, 'Automatic', 7, 57.5, 'Blue', 'Petrol', 3, 154, 12.8, 2, true),
('CAR014', 'Harrier', 'SUV', 'Harrier-2021', 'CMP001', 2020, 'Manual', 5, 57.6, 'Red', 'Petrol', 5, 155, 15.6, 5, true),
('CAR015', 'Tiago', 'Sedan', 'Tiago-2021-V1', 'CMP012', 2024, 'Automatic', 5, 54.6, 'Blue', 'Petrol', 3, 146, 20.6, 4, false),
('CAR016', 'XUV700', 'Sedan', 'XUV700-2023', 'CMP014', 2020, 'Manual', 5, 45.1, 'Red', 'Petrol', 3, 152, 14.5, 5, true),
('CAR017', 'XUV700', 'Hatchback', 'XUV700-2021', 'CMP005', 2021, 'Manual', 7, 55.2, 'Grey', 'Petrol', 3, 181, 25.0, 2, true),
('CAR018', 'Punch', 'Hatchback', 'Punch-2021', 'CMP007', 2023, 'Manual', 7, 57.6, 'Black', 'Diesel', 3, 164, 15.4, 5, false),
('CAR019', 'XUV700', 'Sedan', 'XUV700-2024', 'CMP011', 2023, 'Manual', 5, 42.4, 'White', 'Electric', 5, 174, 12.8, 4, true),
('CAR020', 'Nexon', 'Sedan', 'Nexon-2024', 'CMP008', 2024, 'Manual', 5, 59.0, 'White', 'Petrol', 3, 178, 12.9, 3, false),
('CAR021', 'Scorpio-N', 'Sedan', 'Scorpio-N-2024-V1', 'CMP004', 2024, 'Manual', 5, 45.5, 'Grey', 'Electric', 5, 160, 24.2, 4, false),
('CAR022', 'Punch', 'SUV', 'Punch-2022', 'CMP007', 2022, 'Automatic', 7, 58.2, 'White', 'Petrol', 4, 179, 25.0, 2, true),
('CAR023', 'Tiago', 'Hatchback', 'Tiago-2021-V2', 'CMP009', 2021, 'Automatic', 5, 57.0, 'Red', 'Diesel', 3, 168, 22.8, 4, true),
('CAR024', 'Tiago', 'Sedan', 'Tiago-2022', 'CMP015', 2020, 'Manual', 7, 37.9, 'White', 'Electric', 5, 149, 15.5, 6, true),
('CAR025', 'Alto', 'Sedan', 'Alto-2021', 'CMP011', 2022, 'Automatic', 7, 57.6, 'White', 'Petrol', 5, 167, 22.8, 2, true),
('CAR026', 'Alto', 'Hatchback', 'Alto-2021-V1', 'CMP011', 2021, 'Automatic', 7, 49.0, 'White', 'Petrol', 5, 197, 13.9, 2, false),
('CAR027', 'Harrier', 'Hatchback', 'Harrier-2024', 'CMP003', 2021, 'Manual', 7, 44.1, 'White', 'Diesel', 3, 183, 15.2, 2, false),
('CAR028', 'Tiago', 'Sedan', 'Tiago-2023', 'CMP010', 2021, 'Manual', 5, 59.4, 'Black', 'Diesel', 3, 151, 21.6, 4, false),
('CAR029', 'Punch', 'Sedan', 'Punch-2022-V1', 'CMP003', 2020, 'Automatic', 5, 56.5, 'Black', 'Petrol', 4, 162, 16.0, 3, true),
('CAR030', 'Nexon', 'Hatchback', 'Nexon-2021', 'CMP007', 2022, 'Manual', 7, 43.8, 'Grey', 'Diesel', 5, 193, 19.0, 2, true),
('CAR031', 'Thar', 'Hatchback', 'Thar-2021-V1', 'CMP010', 2020, 'Manual', 7, 43.6, 'Red', 'Diesel', 5, 172, 13.5, 6, true),
('CAR032', 'Thar', 'Hatchback', 'Thar-2025', 'CMP012', 2020, 'Manual', 7, 45.8, 'Red', 'Electric', 4, 182, 23.0, 4, false),
('CAR033', 'XUV700', 'Sedan', 'XUV700-2022', 'CMP007', 2022, 'Manual', 5, 45.5, 'Blue', 'Electric', 5, 197, 14.3, 6, false),
('CAR034', 'XUV700', 'SUV', 'XUV700-2024-V1', 'CMP014', 2022, 'Automatic', 5, 45.7, 'Grey', 'Electric', 5, 160, 18.0, 5, true),
('CAR035', 'Tiago', 'Sedan', 'Tiago-2023-V1', 'CMP013', 2021, 'Manual', 7, 47.9, 'Grey', 'Diesel', 3, 192, 24.4, 3, false),
('CAR036', 'Punch', 'SUV', 'Punch-2021-V1', 'CMP003', 2020, 'Manual', 7, 50.3, 'White', 'Diesel', 4, 196, 20.2, 3, false),
('CAR037', 'Safari', 'SUV', 'Safari-2023', 'CMP004', 2020, 'Manual', 7, 40.5, 'Grey', 'Diesel', 3, 175, 15.2, 2, false),
('CAR038', 'Baleno', 'Sedan', 'Baleno-2023-V2', 'CMP011', 2024, 'Automatic', 7, 50.3, 'Grey', 'Diesel', 5, 168, 23.7, 5, false),
('CAR039', 'Thar', 'Sedan', 'Thar-2021-V2', 'CMP014', 2022, 'Automatic', 5, 41.9, 'White', 'Electric', 4, 155, 15.5, 4, true),
('CAR040', 'Baleno', 'Hatchback', 'Baleno-2021-V1', 'CMP004', 2021, 'Manual', 5, 45.4, 'Red', 'Electric', 4, 166, 12.8, 5, false),
('CAR041', 'Harrier', 'Sedan', 'Harrier-2020', 'CMP014', 2023, 'Automatic', 5, 58.6, 'Red', 'Diesel', 4, 174, 21.7, 6, true),
('CAR042', 'Safari', 'Hatchback', 'Safari-2021', 'CMP005', 2023, 'Manual', 7, 43.4, 'Blue', 'Electric', 3, 193, 18.1, 3, true),
('CAR043', 'XUV700', 'Sedan', 'XUV700-2024-V2', 'CMP010', 2020, 'Manual', 7, 38.4, 'Blue', 'Petrol', 3, 156, 16.9, 3, false),
('CAR044', 'Alto', 'Hatchback', 'Alto-2022', 'CMP013', 2022, 'Automatic', 7, 55.9, 'Blue', 'Petrol', 5, 174, 12.7, 4, true),
('CAR045', 'Scorpio-N', 'SUV', 'Scorpio-N-2020-V1', 'CMP013', 2021, 'Manual', 5, 50.5, 'Black', 'Petrol', 4, 182, 13.5, 3, false),
('CAR046', 'Thar', 'Sedan', 'Thar-2022', 'CMP003', 2024, 'Manual', 5, 59.1, 'White', 'Electric', 3, 199, 16.1, 5, false),
('CAR047', 'Punch', 'Sedan', 'Punch-2020', 'CMP010', 2021, 'Manual', 7, 56.3, 'Grey', 'Petrol', 5, 190, 12.5, 6, false),
('CAR048', 'Alto', 'Sedan', 'Alto-2020-V1', 'CMP009', 2022, 'Manual', 7, 55.6, 'White', 'Diesel', 4, 180, 23.6, 5, true),
('CAR049', 'XUV700', 'Sedan', 'XUV700-2021-V1', 'CMP012', 2022, 'Automatic', 7, 45.9, 'Grey', 'Diesel', 4, 194, 15.2, 2, false),
('CAR050', 'Safari', 'Hatchback', 'Safari-2021-V1', 'CMP013', 2024, 'Automatic', 7, 35.7, 'Red', 'Petrol', 4, 153, 16.6, 4, false),
 ('CAR051', 'Thar', 'Hatchback', 'Thar-2024', 'CMP012', 2024, 'Manual', 5, 37.1, 'Blue', 'Diesel', 5, 188, 15.1, 5, false),
('CAR052', 'Safari', 'Hatchback', 'Safari-2020', 'CMP002', 2021, 'Automatic', 5, 42.7, 'Grey', 'Diesel', 4, 175, 18.9, 5, false),
('CAR053', 'Alto', 'Hatchback', 'Alto-2023', 'CMP005', 2022, 'Manual', 5, 53.0, 'Red', 'Petrol', 5, 174, 24.4, 3, true),
('CAR054', 'Punch', 'Sedan', 'Punch-2023', 'CMP005', 2024, 'Automatic', 5, 55.8, 'Red', 'Petrol', 4, 151, 15.9, 6, true),
('CAR055', 'Thar', 'Sedan', 'Thar-2020', 'CMP001', 2022, 'Manual', 7, 37.6, 'White', 'Electric', 4, 170, 18.2, 4, true),
('CAR056', 'Nexon', 'Hatchback', 'Nexon-2022', 'CMP014', 2020, 'Manual', 7, 47.3, 'Grey', 'Electric', 5, 143, 14.0, 6, false),
('CAR057', 'Scorpio-N', 'Sedan', 'Scorpio-N-2021', 'CMP002', 2023, 'Manual', 7, 46.3, 'Blue', 'Diesel', 5, 167, 16.0, 6, true),
('CAR058', 'Harrier', 'SUV', 'Harrier-2020-V1', 'CMP013', 2021, 'Automatic', 5, 38.9, 'Black', 'Electric', 3, 150, 12.0, 5, false),
('CAR059', 'Thar', 'Hatchback', 'Thar-2020-V1', 'CMP004', 2022, 'Automatic', 5, 52.2, 'Red', 'Electric', 5, 182, 22.5, 3, false),
('CAR060', 'Scorpio-N', 'Sedan', 'Scorpio-N-2024-V2', 'CMP004', 2021, 'Automatic', 5, 36.8, 'Black', 'Diesel', 5, 187, 22.7, 4, false),
('CAR061', 'Scorpio-N', 'Hatchback', 'Scorpio-N-2023-V2', 'CMP012', 2023, 'Automatic', 7, 45.9, 'Grey', 'Petrol', 4, 187, 16.2, 4, true),
('CAR062', 'Scorpio-N', 'Sedan', 'Scorpio-N-2021-V1', 'CMP011', 2024, 'Manual', 7, 49.4, 'Black', 'Diesel', 5, 181, 17.7, 4, true),
('CAR063', 'Harrier', 'Hatchback', 'Harrier-2023-V1', 'CMP011', 2020, 'Automatic', 7, 45.2, 'Red', 'Electric', 3, 194, 14.1, 5, false),
('CAR064', 'Thar', 'Sedan', 'Thar-2023', 'CMP014', 2020, 'Automatic', 5, 42.9, 'Red', 'Petrol', 4, 195, 18.7, 2, false),
('CAR065', 'XUV700', 'Sedan', 'XUV700-2020-V1', 'CMP004', 2022, 'Automatic', 7, 54.0, 'Black', 'Diesel', 5, 148, 24.1, 5, false),
('CAR066', 'Scorpio-N', 'Sedan', 'Scorpio-N-2020-V2', 'CMP011', 2021, 'Manual', 7, 48.8, 'Grey', 'Diesel', 3, 154, 24.9, 2, false),
('CAR067', 'Scorpio-N', 'Sedan', 'Scorpio-N-2021-V2', 'CMP008', 2022, 'Automatic', 7, 55.9, 'Blue', 'Petrol', 4, 175, 13.9, 3, true),
('CAR068', 'Scorpio-N', 'Hatchback', 'Scorpio-N-2022', 'CMP013', 2022, 'Automatic', 5, 42.1, 'Red', 'Electric', 5, 182, 18.4, 3, false),
('CAR069', 'Tiago', 'Hatchback', 'Tiago-2023-V2', 'CMP006', 2024, 'Automatic', 7, 58.3, 'Black', 'Electric', 3, 176, 17.0, 5, true),
('CAR070', 'Alto', 'Hatchback', 'Alto-2023-V1', 'CMP012', 2023, 'Manual', 7, 59.1, 'Black', 'Electric', 5, 161, 23.3, 5, true),
('CAR071', 'Tiago', 'Sedan', 'Tiago-2023-V3', 'CMP001', 2021, 'Automatic', 5, 36.9, 'Red', 'Diesel', 5, 184, 17.2, 2, false),
('CAR072', 'Tiago', 'Sedan', 'Tiago-2023-V4', 'CMP006', 2023, 'Manual', 5, 40.9, 'Red', 'Petrol', 5, 145, 17.6, 2, true),
('CAR073', 'Safari', 'Hatchback', 'Safari-2021-V2', 'CMP012', 2020, 'Manual', 7, 54.9, 'Red', 'Diesel', 4, 167, 13.9, 6, false),
('CAR074', 'Harrier', 'SUV', 'Harrier-2021-V1', 'CMP003', 2020, 'Automatic', 5, 47.4, 'Grey', 'Petrol', 3, 169, 20.3, 5, false),
('CAR075', 'Nexon', 'Hatchback', 'Nexon-2023', 'CMP015', 2024, 'Manual', 5, 46.0, 'Red', 'Electric', 4, 180, 24.5, 4, false),
('CAR076', 'Thar', 'Hatchback', 'Thar-2021-V3', 'CMP007', 2020, 'Manual', 7, 49.3, 'Grey', 'Diesel', 5, 158, 12.3, 5, false),
('CAR077', 'Nexon', 'Sedan', 'Nexon-2024-V1', 'CMP014', 2020, 'Automatic', 7, 54.4, 'Black', 'Electric', 4, 154, 20.3, 6, false),
('CAR078', 'Baleno', 'Sedan', 'Baleno-2020', 'CMP015', 2020, 'Automatic', 7, 35.8, 'Red', 'Electric', 3, 145, 23.8, 4, false),
('CAR079', 'Baleno', 'Sedan', 'Baleno-2021-V2', 'CMP003', 2022, 'Automatic', 5, 41.4, 'Blue', 'Diesel', 5, 195, 16.4, 2, false),
('CAR080', 'Scorpio-N', 'SUV', 'Scorpio-N-2021-V3', 'CMP013', 2023, 'Automatic', 5, 54.8, 'White', 'Diesel', 5, 147, 17.9, 4, false),
('CAR081', 'Alto', 'SUV', 'Alto-2020-V2', 'CMP011', 2023, 'Manual', 7, 57.9, 'Black', 'Electric', 3, 180, 22.7, 4, false),
('CAR082', 'Scorpio-N', 'SUV', 'Scorpio-N-2021-V4', 'CMP001', 2022, 'Automatic', 5, 37.4, 'Grey', 'Petrol', 4, 169, 16.8, 6, false),
('CAR083', 'Harrier', 'Hatchback', 'Harrier-2021-V2', 'CMP015', 2020, 'Automatic', 7, 58.5, 'Red', 'Petrol', 5, 163, 14.8, 5, true),
('CAR084', 'Alto', 'Hatchback', 'Alto-2020-V3', 'CMP011', 2024, 'Automatic', 5, 45.0, 'Black', 'Petrol', 4, 145, 20.6, 6, true),
('CAR085', 'Nexon', 'SUV', 'Nexon-2022-V1', 'CMP004', 2024, 'Manual', 5, 55.7, 'Grey', 'Petrol', 5, 153, 22.6, 3, false),
('CAR086', 'Baleno', 'Hatchback', 'Baleno-2024', 'CMP001', 2021, 'Manual', 7, 55.0, 'White', 'Electric', 3, 148, 12.2, 3, false),
('CAR087', 'Nexon', 'SUV', 'Nexon-2021-V1', 'CMP005', 2021, 'Automatic', 5, 53.6, 'Blue', 'Diesel', 4, 172, 19.7, 5, true),
('CAR088', 'Harrier', 'Sedan', 'Harrier-2023-V2', 'CMP012', 2024, 'Automatic', 7, 51.1, 'White', 'Petrol', 4, 194, 17.2, 2, false),
('CAR089', 'Safari', 'SUV', 'Safari-2020-V1', 'CMP015', 2022, 'Manual', 5, 38.2, 'Grey', 'Electric', 5, 175, 21.3, 5, false),
('CAR090', 'Safari', 'Hatchback', 'Safari-2024', 'CMP010', 2020, 'Manual', 5, 45.8, 'Black', 'Diesel', 4, 192, 17.9, 5, true),
('CAR091', 'Alto', 'Sedan', 'Alto-2023-V2', 'CMP006', 2022, 'Automatic', 5, 52.2, 'Blue', 'Petrol', 3, 193, 13.1, 5, true),
('CAR092', 'Alto', 'SUV', 'Alto-2021-V2', 'CMP009', 2024, 'Automatic', 5, 45.3, 'Blue', 'Electric', 3, 158, 19.8, 4, true),
('CAR093', 'Harrier', 'SUV', 'Harrier-2024-V1', 'CMP004', 2023, 'Manual', 5, 43.8, 'Grey', 'Diesel', 3, 188, 15.6, 3, false),
('CAR094', 'Tiago', 'Sedan', 'Tiago-2024', 'CMP010', 2024, 'Manual', 7, 35.7, 'Red', 'Electric', 4, 198, 16.4, 2, true),
('CAR095', 'Baleno', 'Hatchback', 'Baleno-2024-V1', 'CMP011', 2020, 'Manual', 5, 37.3, 'Grey', 'Petrol', 4, 166, 17.9, 3, false),
('CAR096', 'Thar', 'Sedan', 'Thar-2022-V1', 'CMP013', 2024, 'Manual', 5, 38.9, 'Grey', 'Petrol', 5, 145, 15.5, 5, false),
('CAR097', 'Harrier', 'Hatchback', 'Harrier-2023-V3', 'CMP007', 2021, 'Manual', 7, 45.7, 'Red', 'Electric', 5, 177, 18.3, 4, true),
('CAR098', 'Punch', 'SUV', 'Punch-2023-V1', 'CMP010', 2020, 'Manual', 7, 58.6, 'Black', 'Diesel', 4, 160, 13.6, 5, false),
('CAR099', 'Baleno', 'Sedan', 'Baleno-2021-V3', 'CMP007', 2021, 'Automatic', 5, 44.9, 'White', 'Diesel', 3, 169, 24.0, 4, false),
('CAR100', 'Harrier', 'Sedan', 'Harrier-2023-V4', 'CMP012', 2023, 'Automatic', 5, 45.1, 'Red', 'Petrol', 5, 169, 22.8, 4, true);


------------------------------------------------------------------------------------------------------------------------------------------------------------------

INSERT INTO accessory_details VALUES 
('AD001', 'Car Cover', 'Polyester', 'AutoFurnish', 'Water-resistant and UV protected.'),
('AD002', 'Floor Mat', 'Rubber', 'MotoGrip', 'Durable and anti-skid surface.'),
('AD003', 'Steering Cover', 'Leather', 'DriveMate', 'Elegant and comfortable.'),
('AD004', 'Seat Cover', 'Fabric', 'FurniAuto', 'Easy to wash and fit.'),
('AD005', 'Phone Holder', 'Plastic', 'AutoClutch', 'Adjustable mobile grip.'),
('AD006', 'Dashboard Idol', 'Metal', 'CarDivine', 'Elegant Ganesha idol.'),
('AD007', 'Car Vacuum', 'Plastic', 'DustAway', 'Compact and high power.'),
('AD008', 'Perfume', 'Plastic', 'Fragranto', 'Lasts up to 60 days.'),
('AD009', 'Wiper Blade', 'Rubber', 'RainAway', 'Fits all hatchbacks.'),
('AD010', 'Tyre Inflator', 'Metal', 'AirBlow', 'Digital pressure monitor.'),
('AD011', 'Car Cover', 'Polyester', 'ShieldAuto', 'Tough stitching & lightweight.'),
('AD012', 'Floor Mat', 'Rubber', 'MatBuddy', 'All-weather compatible.'),
('AD013', 'Steering Cover', 'Leather', 'GripMax', 'Extra padded comfort.'),
('AD014', 'Seat Cover', 'Leather', 'EliteFurnish', 'Fits sedans and SUVs.'),
('AD015', 'Phone Holder', 'Plastic', 'Mountify', '360° rotation support.'),
('AD016', 'Dashboard Idol', 'Metal', 'ZenAuto', 'Gold plated finish.'),
('AD017', 'Car Vacuum', 'Plastic', 'TurboVac', 'Compact and cordless.'),
('AD018', 'Perfume', 'Plastic', 'Scentra', 'French fragrances infused.'),
('AD019', 'Wiper Blade', 'Rubber', 'WipeMax', 'Dual action clean.'),
('AD020', 'Tyre Inflator', 'Metal', 'InflatoPro', 'Portable and quick inflate.'),
('AD021', 'Car Cover', 'Polyester', 'RainGuard', 'Double-stitched for durability.'),
('AD022', 'Floor Mat', 'Rubber', 'GripMat', 'Non-slip and odorless.'),
('AD023', 'Steering Cover', 'Leather', 'Steero', 'Red stitch sporty look.'),
('AD024', 'Seat Cover', 'Fabric', 'SeatEase', 'Breathable fabric finish.'),
('AD025', 'Phone Holder', 'Plastic', 'SmartGrip', 'Telescopic arm feature.'),
('AD026', 'Dashboard Idol', 'Metal', 'DrivePuja', 'Marble base mount.'),
('AD027', 'Car Vacuum', 'Plastic', 'SwiftClean', 'High suction power.'),
('AD028', 'Perfume', 'Plastic', 'AutoFresh', 'Citrus splash scent.'),
('AD029', 'Wiper Blade', 'Rubber', 'HydroWipe', 'All-season compatible.'),
('AD030', 'Tyre Inflator', 'Metal', 'TyreAir', 'Compact and accurate.'),
('AD031', 'Car Cover', 'Polyester', 'AutoWrap', 'All-season waterproofing.'),
('AD032', 'Floor Mat', 'Rubber', 'MatXpert', 'Customized for sedans.'),
('AD033', 'Steering Cover', 'Leather', 'SteerWrap', 'Anti-sweat technology.'),
('AD034', 'Seat Cover', 'Fabric', 'FitMate', 'Elastic edge lining.'),
('AD035', 'Phone Holder', 'Plastic', 'ClampGo', 'Strong dashboard grip.'),
('AD036', 'Dashboard Idol', 'Metal', 'LuckyDrive', 'Crystal mounted.'),
('AD037', 'Car Vacuum', 'Plastic', 'AutoVac', 'Dual mode suction.'),
('AD038', 'Perfume', 'Plastic', 'CarAroma', 'Ocean wave scent.'),
('AD039', 'Wiper Blade', 'Rubber', 'MaxSwipe', 'Efficient and streak-free.'),
('AD040', 'Tyre Inflator', 'Metal', 'QuickAir', '1-minute full inflate.'),
('AD041', 'Car Cover', 'Polyester', 'MonsoonGuard', 'Anti-theft loop lock.'),
('AD042', 'Floor Mat', 'Rubber', 'SafeMat', 'Anti-slip base.'),
('AD043', 'Steering Cover', 'Leather', 'DriveGrip', 'Smooth control feel.'),
('AD044', 'Seat Cover', 'Leather', 'LuxRide', 'Luxury stitched finish.'),
('AD045', 'Phone Holder', 'Plastic', 'HoldIT', 'One-touch auto-lock.'),
('AD046', 'Dashboard Idol', 'Metal', 'DivineDash', 'Adhesive base fit.'),
('AD047', 'Car Vacuum', 'Plastic', 'MiniClean', 'Mini handheld vacuum.'),
('AD048', 'Perfume', 'Plastic', 'DriveScent', 'Lavender freshness.'),
('AD049', 'Wiper Blade', 'Rubber', 'RainClean', 'Flexible silicon.'),
('AD050', 'Tyre Inflator', 'Metal', 'PumpMate', 'Dual nozzle support.');

------------------------------------------------------------------------------------------------------------------------------------------------------------------


INSERT INTO seller VALUES
('SEL001', 'p#Jh3f&9q', 'Raghav', 'Bose', 'Male', 'Private Seller', 'raghav.bose@example.com', 4.2, 'North Ville', 'Mumbai', 'Maharashtra'),
('SEL002', 't4KL!wVm9', 'Kavya', 'Desai', 'Female', 'Dealer', 'kavya.desai@example.com', 4.7, 'South Ville', 'Ahmedabad', 'Gujarat'),
('SEL003', 'g!QweP8z@', 'Arjun', 'Rathi', 'Male', 'Showroom', 'arjun.rathi@example.com', 4.5, 'East Ville', 'Bangalore', 'Karnataka'),
('SEL004', 'h8Mv#92l$', 'Sana', 'Kapoor', 'Female', 'Dealer', 'sana.kapoor@example.com', 4.3, 'West Ville', 'Hyderabad', 'Telangana'),
('SEL005', 'PaZx8@!Lm', 'Rahul', 'Yadav', 'Male', 'Private Seller', 'rahul.yadav@example.com', 4.0, 'Main Bazaar', 'Delhi', 'Delhi'),
('SEL006', 'aX9!bWt3P', 'Neha', 'Sharma', 'Female', 'Showroom', 'neha.sharma@example.com', 4.6, 'Gomti Nagar', 'Lucknow', 'Uttar Pradesh'),
('SEL007', 'xJ7$kLpM2', 'Ishan', 'Verma', 'Male', 'Dealer', 'ishan.verma@example.com', 4.1, 'Tilak Nagar', 'Chandigarh', 'Punjab'),
('SEL008', 'zWv7$npD1', 'Meera', 'Iyer', 'Female', 'Private Seller', 'meera.iyer@example.com', 4.8, 'Central Zone', 'Chennai', 'Tamil Nadu'),
('SEL009', 'k9Lp#xQ2@', 'Amit', 'Singh', 'Male', 'Dealer', 'amit.singh@example.com', 4.4, 'Sector 21', 'Noida', 'Uttar Pradesh'),
('SEL010', 'pTr!W23gh', 'Sneha', 'Naik', 'Female', 'Showroom', 'sneha.naik@example.com', 4.3, 'Kalamboli', 'Navi Mumbai', 'Maharashtra'),
('SEL011', 'fG@9lVb31', 'Varun', 'Chopra', 'Male', 'Dealer', 'varun.chopra@example.com', 4.5, 'Rajendra Place', 'Delhi', 'Delhi'),
('SEL012', 'nK4$txo91', 'Pooja', 'Saxena', 'Female', 'Showroom', 'pooja.saxena@example.com', 4.6, 'Park Street', 'Kolkata', 'West Bengal'),
('SEL013', 'vB6@ipq41', 'Dev', 'Mishra', 'Male', 'Private Seller', 'dev.mishra@example.com', 4.2, 'MI Road', 'Jaipur', 'Rajasthan'),
('SEL014', 'hYp!lZt73', 'Ira', 'Mehta', 'Female', 'Dealer', 'ira.mehta@example.com', 4.1, 'Lalbagh', 'Bangalore', 'Karnataka'),
('SEL015', 'wRd@1Xm38', 'Yash', 'Kumar', 'Male', 'Showroom', 'yash.kumar@example.com', 4.0, 'Sector 62', 'Noida', 'Uttar Pradesh'),
('SEL016', 'aLs#9qp32', 'Tina', 'Roy', 'Female', 'Dealer', 'tina.roy@example.com', 4.7, 'Salt Lake', 'Kolkata', 'West Bengal'),
('SEL017', 'rBh2$Wp09', 'Kunal', 'Sethi', 'Male', 'Private Seller', 'kunal.sethi@example.com', 4.5, 'Koregaon Park', 'Pune', 'Maharashtra'),
('SEL018', 'mLo$7xZ24', 'Divya', 'Joshi', 'Female', 'Dealer', 'divya.joshi@example.com', 4.3, 'Rajkot Main', 'Rajkot', 'Gujarat'),
('SEL019', 'zPi6&Ub32', 'Harsh', 'Patel', 'Male', 'Showroom', 'harsh.patel@example.com', 4.4, 'Paldi', 'Ahmedabad', 'Gujarat'),
('SEL020', 'cXo8%Fr94', 'Anika', 'Malik', 'Female', 'Dealer', 'anika.malik@example.com', 4.6, 'Sector 17', 'Chandigarh', 'Punjab'),
('SEL021', 'VmL2@x6YT', 'Rishi', 'Nair', 'Male', 'Private Seller', 'rishi.nair@example.com', 4.2, 'Fort Road', 'Thane', 'Maharashtra'),
('SEL022', 'TyP!98uVn', 'Asha', 'Kale', 'Female', 'Dealer', 'asha.kale@example.com', 4.3, 'Green Park', 'Delhi', 'Delhi'),
('SEL023', 'HyR@3xk81', 'Dinesh', 'Solanki', 'Male', 'Showroom', 'dinesh.solanki@example.com', 4.4, 'Mandvi', 'Surat', 'Gujarat'),
('SEL024', 'Jkp#3Xt91', 'Shruti', 'Pawar', 'Female', 'Dealer', 'shruti.pawar@example.com', 4.5, 'Camp Area', 'Pune', 'Maharashtra'),
('SEL025', 'Tmx9@Wh2!', 'Jay', 'Malhotra', 'Male', 'Private Seller', 'jay.malhotra@example.com', 4.1, 'East End', 'Patna', 'Bihar'),
('SEL026', 'Lkp#7yQ0$', 'Simran', 'Nanda', 'Female', 'Dealer', 'simran.nanda@example.com', 4.6, 'Uppal', 'Hyderabad', 'Telangana'),
('SEL027', 'qWr9!zCt4', 'Raj', 'Bhagat', 'Male', 'Dealer', 'raj.bhagat@example.com', 4.0, 'Red Hills', 'Chennai', 'Tamil Nadu'),
('SEL028', 'Zyt@2Lnp!', 'Ishita', 'Banerjee', 'Female', 'Showroom', 'ishita.banerjee@example.com', 4.7, 'Shibpur', 'Howrah', 'West Bengal'),
('SEL029', 'Vk#9Lpp83', 'Tarun', 'Jain', 'Male', 'Dealer', 'tarun.jain@example.com', 4.3, 'Tonk Road', 'Jaipur', 'Rajasthan'),
('SEL030', 'Ly@6oPe98', 'Kirti', 'Suri', 'Female', 'Private Seller', 'kirti.suri@example.com', 4.4, 'Link Road', 'Bhopal', 'Madhya Pradesh');

------------------------------------------------------------------------------------------------------------------------------------------------------------------

INSERT INTO seller_contact VALUES
('SEL001', 9876543210),
('SEL002', 9876553010),
('SEL002', 9876543019),
('SEL003', 9123456786),
('SEL004', 9126456789),
('SEL005', 9988776666),
('SEL006', 9989776755),
('SEL007', 9012045678),
('SEL008', 9012345678),
('SEL009', 9765432109),
('SEL010', 9765432100),
('SEL011', 9321987665),
('SEL012', 9321987666),
('SEL013', 9876543218),
('SEL014', 9988776655),
('SEL015', 9765432199),
('SEL016', 9321987654),
('SEL017', 9810011223),
('SEL018', 9810011273),
('SEL019', 7001234577),
('SEL020', 7001234567),
('SEL021', 8888888889),
('SEL022', 8888888888),
('SEL023', 9999999909),
('SEL024', 8899999999),
('SEL025', 9090909099),
('SEL026', 9090909090),
('SEL027', 9123456789),
('SEL028', 9988876655),
('SEL029', 9876543219),
('SEL030', 9012345677);

------------------------------------------------------------------------------------------------------------------------------------------------------------------

INSERT INTO availablecars VALUES
('MID101','CAR101'),
('MID102','CAR102'),
('MID103','CAR101'),
('MID001', 'CAR001'),
('MID002', 'CAR001'),
('MID003', 'CAR002'),
('MID004', 'CAR002'),
('MID005', 'CAR002'),
('MID006', 'CAR003'),
('MID007', 'CAR003'),
('MID008', 'CAR004'),
('MID009', 'CAR004'),
('MID010', 'CAR005'),
('MID011', 'CAR006'),
('MID012', 'CAR007'),
('MID013', 'CAR008'),
('MID014', 'CAR008'),
('MID015', 'CAR009'),
('MID016', 'CAR010'),
('MID017', 'CAR010'),
('MID018', 'CAR011'),
('MID019', 'CAR012'),
('MID020', 'CAR013'),
('MID021', 'CAR014'),
('MID022', 'CAR014'),
('MID023', 'CAR015'),
('MID024', 'CAR015'),
('MID025', 'CAR015'),
('MID026', 'CAR015'),
('MID027', 'CAR015'),
('MID028', 'CAR015'),
('MID029', 'CAR015'),
('MID030', 'CAR015'),
('MID031', 'CAR020'),
('MID032', 'CAR021'),
('MID033', 'CAR021'),
('MID034', 'CAR022'),
('MID035', 'CAR023'),
('MID036', 'CAR024'),
('MID037', 'CAR024'),
('MID038', 'CAR025'),
('MID039', 'CAR026'),
('MID040', 'CAR027'),
('MID041', 'CAR027'),
('MID042', 'CAR028'),
('MID043', 'CAR029'),
('MID044', 'CAR030'),
('MID045', 'CAR031'),
('MID046', 'CAR031'),
('MID047', 'CAR032'),
('MID048', 'CAR032'),
('MID049', 'CAR001'),
('MID050', 'CAR032'),
('MID051', 'CAR036'),
('MID052', 'CAR032'),
('MID053', 'CAR004'),
('MID054', 'CAR021'),
('MID055', 'CAR021'),
('MID056', 'CAR021'),
('MID057', 'CAR021'),
('MID058', 'CAR021'),
('MID059', 'CAR021'),
('MID060', 'CAR020'),
('MID061', 'CAR020'),
('MID062', 'CAR020'),
('MID063', 'CAR020'),
('MID064', 'CAR020'),
('MID065', 'CAR020'),
('MID066', 'CAR020'),
('MID067', 'CAR003'),
('MID068', 'CAR003'),
('MID069', 'CAR003'),
('MID070', 'CAR003'),
('MID071', 'CAR011'),
('MID072', 'CAR011'),
('MID073', 'CAR011'),
('MID074', 'CAR012'),
('MID075', 'CAR012'),
('MID076', 'CAR012'),
('MID077', 'CAR013'),
('MID078', 'CAR013'),
('MID079', 'CAR013'),
('MID080', 'CAR007'),
('MID081', 'CAR007'),
('MID082', 'CAR007'),
('MID083', 'CAR007'),
('MID084', 'CAR007'),
('MID085', 'CAR007'),
('MID086', 'CAR068'),
('MID087', 'CAR008'),
('MID088', 'CAR008'),
('MID089', 'CAR008'),
('MID090', 'CAR009'),
('MID091', 'CAR007'),
('MID092', 'CAR074'),
('MID093', 'CAR075'),
('MID094', 'CAR076'),
('MID095', 'CAR002'),
('MID096', 'CAR078'),
('MID097', 'CAR079'),
('MID098', 'CAR007'),
('MID099', 'CAR081'),
('MID100', 'CAR082');

------------------------------------------------------------------------------------------------------------------------------------------------------------------

INSERT INTO old_car VALUES
('MID071', 'SEL001', 520000, 41000, 3, 'MH', '12', 'XY', '1234', true),
('MID072', 'SEL005', 475000, 35000, 4, 'DL', '01', 'AB', '6789', false),
('MID073', 'SEL005', 430000, 52000, 5, 'KA', '03', 'GH', '9876', true),
('MID074', 'SEL005', 490000, 58000, 6, 'GJ', '05', 'CD', '2345', false),
('MID075', 'SEL005', 510000, 33000, 3, 'TN', '09', 'JK', '5566', true),
('MID076', 'SEL005', 470000, 39000, 3, 'RJ', '29', 'QR', '7788', true),
('MID077', 'SEL005', 460000, 25000, 2, 'MP', '04', 'LM', '1133', false),
('MID078', 'SEL005', 445000, 36000, 3, 'UP', '32', 'OP', '9999', true),
('MID079', 'SEL005', 480000, 48000, 4, 'WB', '20', 'KL', '4455', false),
('MID080', 'SEL005', 495000, 40000, 4, 'KL', '07', 'UV', '6677', false),
('MID081', 'SEL005', 455000, 42000, 3, 'HR', '26', 'MN', '8888', true),
('MID082', 'SEL005', 490000, 51000, 5, 'BR', '22', 'YZ', '1122', false),
('MID083', 'SEL005', 470000, 43000, 4, 'AP', '08', 'QR', '7733', false),
('MID084', 'SEL023', 430000, 38000, 3, 'CH', '01', 'AC', '2002', true),
('MID085', 'SEL024', 460000, 44000, 3, 'UK', '10', 'WR', '8899', false),
('MID086', 'SEL015', 520000, 61000, 6, 'JH', '19', 'NB', '4433', false),
('MID087', 'SEL026', 505000, 56000, 5, 'OD', '14', 'KL', '3003', true),
('MID088', 'SEL017', 450000, 49000, 5, 'CG', '22', 'MC', '1199', false),
('MID089', 'SEL018', 500000, 47000, 5, 'PB', '11', 'GT', '2020', true),
('MID090', 'SEL019', 530000, 60000, 5, 'GJ', '03', 'LP', '7788', false),
('MID091', 'SEL010', 440000, 42000, 3, 'HP', '03', 'ZR', '3303', false),
('MID092', 'SEL011', 490000, 35000, 4, 'GA', '06', 'TR', '7770', true),
('MID093', 'SEL012', 480000, 32000, 2, 'DL', '04', 'TY', '9911', false),
('MID094', 'SEL023', 520000, 57000, 5, 'MH', '15', 'WE', '8844', false),
('MID095', 'SEL024', 495000, 51000, 5, 'UP', '80', 'CV', '5544', false),
('MID096', 'SEL025', 500000, 53000, 5, 'GJ', '01', 'ZY', '6655', false),
('MID097', 'SEL016', 455000, 43000, 4, 'KA', '02', 'WX', '7722', false),
('MID098', 'SEL017', 470000, 44000, 4, 'TN', '05', 'VU', '8890', false),
('MID099', 'SEL018', 490000, 46000, 5, 'WB', '06', 'LM', '1111', false),
('MID100', 'SEL019', 460000, 55000, 6, 'GJ', '03', 'PQ', '6677', false);

------------------------------------------------------------------------------------------------------------------------------------------------------------------

INSERT INTO new_car VALUES
('MID001', 'SEL001', 1150000, false),
('MID002', 'SEL001', 1140000, true),
('MID003', 'SEL002', 910000, false),
('MID004', 'SEL003', 875000, false),
('MID005', 'SEL004', 920000, true),
('MID006', 'SEL005', 880000, false),
('MID007', 'SEL006', 950000, false),
('MID008', 'SEL007', 1030000, true),
('MID009', 'SEL008', 880000, false),
('MID010', 'SEL009', 935000, true),
('MID011', 'SEL010', 1180000, false),
('MID012', 'SEL011', 990000, false),
('MID013', 'SEL012', 870000, true),
('MID014', 'SEL013', 940000, false),
('MID015', 'SEL014', 910000, false),
('MID016', 'SEL015', 1050000, true),
('MID017', 'SEL016', 860000, false),
('MID018', 'SEL017', 975000, false),
('MID019', 'SEL018', 1010000, true),
('MID020', 'SEL019', 880000, false),
('MID021', 'SEL020', 980000, false),
('MID022', 'SEL021', 935000, true),
('MID023', 'SEL022', 1025000, false),
('MID024', 'SEL023', 1070000, true),
('MID025', 'SEL024', 920000, false),
('MID026', 'SEL025', 1080000, false),
('MID027', 'SEL001', 900000, true),
('MID028', 'SEL002', 950000, false),
('MID029', 'SEL003', 875000, false),
('MID030', 'SEL004', 905000, true),
('MID031', 'SEL005', 940000, false),
('MID032', 'SEL006', 880000, true),
('MID033', 'SEL007', 860000, false),
('MID034', 'SEL008', 920000, true),
('MID035', 'SEL009', 1015000, false),
('MID036', 'SEL010', 990000, false),
('MID037', 'SEL011', 970000, true),
('MID038', 'SEL012', 960000, false),
('MID039', 'SEL013', 975000, true),
('MID040', 'SEL014', 930000, false),
('MID041', 'SEL015', 895000, false),
('MID042', 'SEL016', 1040000, false),
('MID043', 'SEL017', 910000, true),
('MID044', 'SEL018', 870000, false),
('MID045', 'SEL019', 1000000, false),
('MID046', 'SEL020', 920000, true),
('MID047', 'SEL021', 915000, false),
('MID048', 'SEL022', 945000, false),
('MID049', 'SEL023', 985000, false),
('MID050', 'SEL024', 960000, false),
('MID051', 'SEL025', 940000, false),
('MID052', 'SEL001', 960000, false),
('MID053', 'SEL002', 935000, true),
('MID054', 'SEL003', 975000, false),
('MID055', 'SEL003', 990000, false),
('MID056', 'SEL003', 870000, true),
('MID057', 'SEL003', 885000, false),
('MID058', 'SEL003', 1045000, true),
('MID059', 'SEL003', 910000, false),
('MID060', 'SEL003', 945000, false),
('MID061', 'SEL003', 920000, false),
('MID062', 'SEL003', 1010000, false),
('MID063', 'SEL003', 975000, false),
('MID064', 'SEL003', 980000, false),
('MID065', 'SEL003', 965000, false),
('MID066', 'SEL003', 945000, false),
('MID067', 'SEL003', 990000, false),
('MID068', 'SEL003', 1010000, false),
('MID069', 'SEL003', 960000, false),
('MID070', 'SEL003', 1000000, false);

------------------------------------------------------------------------------------------------------------------------------------------------------------------

INSERT INTO accessories VALUES 
('AID001', 'AD001', 'SEL001', 999, true),
('AID002', 'AD001', 'SEL002', 985, true),
('AID003', 'AD002', 'SEL003', 799, true),
('AID004', 'AD002', 'SEL004', 750, false),
('AID005', 'AD003', 'SEL005', 459, true),
('AID006', 'AD003', 'SEL006', 469, true),
('AID007', 'AD004', 'SEL007', 1350, false),
('AID008', 'AD005', 'SEL008', 499, true),
('AID009', 'AD005', 'SEL009', 489, true),
('AID010', 'AD006', 'SEL010', 299, true),
('AID011', 'AD007', 'SEL011', 1199, true),
('AID012', 'AD008', 'SEL012', 399, true),
('AID013', 'AD009', 'SEL013', 289, false),
('AID014', 'AD010', 'SEL014', 1999, true),
('AID015', 'AD011', 'SEL015', 1049, true),
('AID016', 'AD011', 'SEL016', 1010, true),
('AID017', 'AD012', 'SEL017', 799, true),
('AID018', 'AD013', 'SEL018', 550, false),
('AID019', 'AD014', 'SEL019', 1650, true),
('AID020', 'AD015', 'SEL020', 449, true),
('AID021', 'AD015', 'SEL021', 455, false),
('AID022', 'AD016', 'SEL022', 350, false),
('AID023', 'AD017', 'SEL023', 1099, true),
('AID024', 'AD018', 'SEL024', 299, true),
('AID025', 'AD019', 'SEL025', 329, true),
('AID026', 'AD020', 'SEL026', 1990, true),
('AID027', 'AD021', 'SEL027', 999, true),
('AID028', 'AD022', 'SEL028', 859, false),
('AID029', 'AD023', 'SEL029', 475, true),
('AID030', 'AD024', 'SEL030', 1300, true),
('AID031', 'AD025', 'SEL011', 560, true),
('AID032', 'AD025', 'SEL012', 550, false),
('AID033', 'AD026', 'SEL013', 390, true),
('AID034', 'AD027', 'SEL014', 1090, true),
('AID035', 'AD027', 'SEL015', 1080, false),
('AID036', 'AD028', 'SEL016', 310, true),
('AID037', 'AD029', 'SEL017', 275, true),
('AID038', 'AD030', 'SEL018', 1885, true),
('AID039', 'AD030', 'SEL019', 1890, false),
('AID040', 'AD030', 'SEL010', 1900, true);

------------------------------------------------------------------------------------------------------------------------------------------------------------------

INSERT INTO market VALUES
('MID001', true),
('MID002', true),
('MID003', true),
('MID004', true),
('MID005', true),
('MID006', true),
('MID007', true),
('MID008', true),
('MID009', true),
('MID010', true),
('MID011', true),
('MID012', true),
('MID013', true),
('MID014', true),
('MID015', true),
('MID016', true),
('MID017', true),
('MID018', true),
('MID019', true),
('MID020', true),
('MID021', true),
('MID022', true),
('MID023', true),
('MID024', true),
('MID025', true),
('MID026', true),
('MID027', true),
('MID028', true),
('MID029', true),
('MID030', true),
('MID031', true),
('MID032', true),
('MID033', true),
('MID034', true),
('MID035', true),
('MID036', true),
('MID037', true),
('MID038', true),
('MID039', true),
('MID040', true),
('MID041', true),
('MID042', true),
('MID043', true),
('MID044', true),
('MID045', true),
('MID046', true),
('MID047', true),
('MID048', true),
('MID049', true),
('MID050', true),
('MID051', true),
('MID052', true),
('MID053', true),
('MID054', true),
('MID055', true),
('MID056', true),
('MID057', true),
('MID058', true),
('MID059', true),
('MID060', true),
('MID061', true),
('MID062', true),
('MID063', true),
('MID064', true),
('MID065', true),
('MID066', true),
('MID067', true),
('MID068', true),
('MID069', true),
('MID070', true),
('MID071', true),
('MID072', true),
('MID073', true),
('MID074', true),
('MID075', true),
('MID076', true),
('MID077', true),
('MID078', true),
('MID079', true),
('MID080', true),
('MID081', true),
('MID082', true),
('MID083', true),
('MID084', true),
('MID085', true),
('MID086', true),
('MID087', true),
('MID088', true),
('MID089', true),
('MID090', true),
('MID091', true),
('MID092', true),
('MID093', true),
('MID094', true),
('MID095', true),
('MID096', true),
('MID097', true),
('MID098', true),
('MID099', true),
('MID100', true),
('AID001', false),
('AID002', false),
('AID003', false),
('AID004', false),
('AID005', false),
('AID006', false),
('AID007', false),
('AID008', false),
('AID009', false),
('AID010', false),
('AID011', false),
('AID012', false),
('AID013', false),
('AID014', false),
('AID015', false),
('AID016', false),
('AID017', false),
('AID018', false),
('AID019', false),
('AID020', false),
('AID021', false),
('AID022', false),
('AID023', false),
('AID024', false),
('AID025', false),
('AID026', false),
('AID027', false),
('AID028', false),
('AID029', false),
('AID030', false),
('AID031', false),
('AID032', false),
('AID033', false),
('AID034', false),
('AID035', false),
('AID036', false),
('AID037', false),
('AID038', false),
('AID039', false),
('AID040', false);

------------------------------------------------------------------------------------------------------------------------------------------------------------------

INSERT INTO users VALUES
('USR001', 'Xa3@zLk91#', 'Ravi', 'Sharma', 'Male', 9123456701, 'ravi.sharma@example.com', 'Nagpur', 'Nagpur', 'Maharashtra'),
('USR002', 'Lp9&dzW01$', 'Neha', 'Patel', 'Female', 9123456702, 'neha.patel@example.com', 'Ahmedabad', 'Ahmedabad', 'Gujarat'),
('USR003', 'Tq8$loPx1!', 'Arjun', 'Iyer', 'Male', 9123456703, 'arjun.iyer@example.com', 'Bangalore Urban', 'Bangalore', 'Karnataka'),
('USR004', 'Zx7!wLpq2@', 'Kavya', 'Rao', 'Female', 9123456704, 'kavya.rao@example.com', 'Hyderabad', 'Hyderabad', 'Telangana'),
('USR005', 'Mb#pA0z38!', 'Ankit', 'Verma', 'Male', 9123456705, 'ankit.verma@example.com', 'New Delhi', 'Delhi', 'Delhi'),
('USR006', 'bQ@ZoM19#W', 'Sneha', 'Nair', 'Female', 9123456706, 'sneha.nair@example.com', 'Ernakulam', 'Kochi', 'Kerala'),
('USR007', 'Wp!8kZm02x', 'Harsh', 'Gupta', 'Male', 9123456707, 'harsh.gupta@example.com', 'Gautam Buddha Nagar', 'Noida', 'Uttar Pradesh'),
('USR008', 'Kr@70vBh!z', 'Priya', 'Mishra', 'Female', 9123456708, 'priya.mishra@example.com', 'Lucknow', 'Lucknow', 'Uttar Pradesh'),
('USR009', 'Tx@kmQp03$', 'Dev', 'Malhotra', 'Male', 9123456709, 'dev.malhotra@example.com', 'Pune', 'Pune', 'Maharashtra'),
('USR010', 'Zn#93kjWq!', 'Isha', 'Kapoor', 'Female', 9123456710, 'isha.kapoor@example.com', 'Chandigarh', 'Chandigarh', 'Chandigarh'),
('USR011', 'Mk@z91LpQ!', 'Ritu', 'Chawla', 'Female', 9123456711, 'ritu.chawla@example.com', 'Jaipur', 'Jaipur', 'Rajasthan'),
('USR012', 'Nk#xPq49$', 'Sameer', 'Joshi', 'Male', 9123456712, 'sameer.joshi@example.com', 'Indore', 'Indore', 'Madhya Pradesh'),
('USR013', 'Yp!2oKm83@', 'Pooja', 'Singh', 'Female', 9123456713, 'pooja.singh@example.com', 'Jamshedpur', 'Jamshedpur', 'Jharkhand'),
('USR014', 'Vr@9ltXq!', 'Aditya', 'Mehta', 'Male', 9123456714, 'aditya.mehta@example.com', 'Surat', 'Surat', 'Gujarat'),
('USR015', 'Wz@pXmn12!', 'Aisha', 'Sharma', 'Female', 9123456715, 'aisha.sharma@example.com', 'Ahmedabad', 'Ahmedabad', 'Gujarat'),
('USR016', 'Lm!92PQx@$', 'Raj', 'Kumar', 'Male', 9123456716, 'raj.kumar@example.com', 'Mumbai', 'Mumbai', 'Maharashtra'),
('USR017', 'Nk#1LoPz!$', 'Snehal', 'Patil', 'Female', 9123456717, 'snehal.patil@example.com', 'Pune', 'Pune', 'Maharashtra'),
('USR018', 'Mp$09wQl@!', 'Karan', 'Desai', 'Male', 9123456718, 'karan.desai@example.com', 'Vadodara', 'Vadodara', 'Gujarat'),
('USR019', 'Wx!3NzLp#$', 'Tina', 'Thakur', 'Female', 9123456719, 'tina.thakur@example.com', 'Bhopal', 'Bhopal', 'Madhya Pradesh'),
('USR020', 'Zp@lmXz!91', 'Amit', 'Reddy', 'Male', 9123456720, 'amit.reddy@example.com', 'Hyderabad', 'Hyderabad', 'Telangana'),
('USR021', 'Qm@9xOl$2!', 'Deepa', 'Das', 'Female', 9123456721, 'deepa.das@example.com', 'Kolkata', 'Kolkata', 'West Bengal'),
('USR022', 'Vr!0LmPz#$', 'Rohit', 'Chavan', 'Male', 9123456722, 'rohit.chavan@example.com', 'Thane', 'Thane', 'Maharashtra'),
('USR023', 'Tk$2OzWp@!', 'Nisha', 'Gupta', 'Female', 9123456723, 'nisha.gupta@example.com', 'Ghaziabad', 'Ghaziabad', 'Uttar Pradesh'),
('USR024', 'Kr!7LmqP#$', 'Farhan', 'Ansari', 'Male', 9123456724, 'farhan.ansari@example.com', 'Delhi', 'Delhi', 'Delhi'),
('USR025', 'Wp#1Ozmq@!', 'Sanya', 'Kohli', 'Female', 9123456725, 'sanya.kohli@example.com', 'Chandigarh', 'Chandigarh', 'Chandigarh'),
('USR026', 'Nk@3LopW#$', 'Pratik', 'Shah', 'Male', 9123456726, 'pratik.shah@example.com', 'Surat', 'Surat', 'Gujarat'),
('USR027', 'Yp!5MzlP@$', 'Vidya', 'Rao', 'Female', 9123456727, 'vidya.rao@example.com', 'Chennai', 'Chennai', 'Tamil Nadu'),
('USR028', 'Mk@1PqlW#$', 'Siddharth', 'Bose', 'Male', 9123456728, 'siddharth.bose@example.com', 'Kolkata', 'Kolkata', 'West Bengal'),
('USR029', 'Tx#2OlpM@$', 'Meera', 'Singh', 'Female', 9123456729, 'meera.singh@example.com', 'Lucknow', 'Lucknow', 'Uttar Pradesh'),
('USR030', 'Zn!9MqpW@$', 'Alok', 'Mishra', 'Male', 9123456730, 'alok.mishra@example.com', 'Kanpur', 'Kanpur', 'Uttar Pradesh'),
('USR031', 'Lp@2KzNm!$', 'Pooja', 'Verma', 'Female', 9123456731, 'pooja.verma@example.com', 'Indore', 'Indore', 'Madhya Pradesh'),
('USR032', 'Xk$1NpMz@!', 'Arjun', 'Yadav', 'Male', 9123456732, 'arjun.yadav@example.com', 'Patna', 'Patna', 'Bihar'),
('USR033', 'Wm!0LoPn#$', 'Kirti', 'Kapoor', 'Female', 9123456733, 'kirti.kapoor@example.com', 'Jaipur', 'Jaipur', 'Rajasthan'),
('USR034', 'Qx@8OmPz!$', 'Manoj', 'Naik', 'Male', 9123456734, 'manoj.naik@example.com', 'Nashik', 'Nashik', 'Maharashtra'),
('USR035', 'Mz!7WpNl#$', 'Bhavna', 'Sharma', 'Female', 9123456735, 'bhavna.sharma@example.com', 'Panipat', 'Panipat', 'Haryana'),
('USR036', 'Kp@3LmzN#$', 'Ashok', 'Mehta', 'Male', 9123456736, 'ashok.mehta@example.com', 'Jodhpur', 'Jodhpur', 'Rajasthan'),
('USR037', 'Vk!9OpLm@$', 'Sakshi', 'Gupta', 'Female', 9123456737, 'sakshi.gupta@example.com', 'Noida', 'Noida', 'Uttar Pradesh'),
('USR038', 'Tp$2LmOp@!', 'Varun', 'Joshi', 'Male', 9123456738, 'varun.joshi@example.com', 'Rajkot', 'Rajkot', 'Gujarat'),
('USR039', 'Nk!1MqOp#$', 'Ritika', 'Malhotra', 'Female', 9123456739, 'ritika.malhotra@example.com', 'Delhi', 'Delhi', 'Delhi'),
('USR040', 'Mp$0WzLo@!', 'Dev', 'Kapadia', 'Male', 9123456740, 'dev.kapadia@example.com', 'Ahmedabad', 'Ahmedabad', 'Gujarat'),
('USR041', 'Zp!5NmLp@$', 'Tanvi', 'Bhatia', 'Female', 9123456741, 'tanvi.bhatia@example.com', 'Chandigarh', 'Chandigarh', 'Chandigarh'),
('USR042', 'Wp@4MzLp#$', 'Hiren', 'Patel', 'Male', 9123456742, 'hiren.patel@example.com', 'Surat', 'Surat', 'Gujarat'),
('USR043', 'Xk$7WpNm@!', 'Ananya', 'Jain', 'Female', 9123456743, 'ananya.jain@example.com', 'Mumbai', 'Mumbai', 'Maharashtra'),
('USR044', 'Qm@9OpLz!$', 'Jay', 'Trivedi', 'Male', 9123456744, 'jay.trivedi@example.com', 'Vadodara', 'Vadodara', 'Gujarat'),
('USR045', 'Tk!3LmNp@$', 'Sejal', 'Kansara', 'Female', 9123456745, 'sejal.kansara@example.com', 'Pune', 'Pune', 'Maharashtra'),
('USR046', 'Lp@7QzNm!$', 'Pratik', 'Patel', 'Male', 9123456746, 'pratik.patel@example.com', 'Ahmedabad', 'Ahmedabad', 'Gujarat'),
('USR047', 'Xk$2NpMz@!', 'Riya', 'Shah', 'Female', 9123456747, 'riya.shah@example.com', 'Mumbai', 'Mumbai', 'Maharashtra'),
('USR048', 'Wm!3LoPn#$', 'Gaurav', 'Kumar', 'Male', 9123456748, 'gaurav.kumar@example.com', 'Delhi', 'Delhi', 'Delhi'),
('USR049', 'Qx@1OmPz!$', 'Megha', 'Verma', 'Female', 9123456749, 'megha.verma@example.com', 'Indore', 'Indore', 'Madhya Pradesh'),
('USR050', 'Mz!8WpNl#$', 'Rohit', 'Yadav', 'Male', 9123456750, 'rohit.yadav@example.com', 'Lucknow', 'Lucknow', 'Uttar Pradesh'),
('USR051', 'Kp@6LmzN#$', 'Sneha', 'Chopra', 'Female', 9123456751, 'sneha.chopra@example.com', 'Jaipur', 'Jaipur', 'Rajasthan'),
('USR052', 'Vk!0OpLm@$', 'Aditya', 'Singh', 'Male', 9123456752, 'aditya.singh@example.com', 'Patna', 'Patna', 'Bihar'),
('USR053', 'Tp$9LmOp@!', 'Komal', 'Mehta', 'Female', 9123456753, 'komal.mehta@example.com', 'Surat', 'Surat', 'Gujarat'),
('USR054', 'Nk!2MqOp#$', 'Kunal', 'Sharma', 'Male', 9123456754, 'kunal.sharma@example.com', 'Noida', 'Noida', 'Uttar Pradesh'),
('USR055', 'Mp$4WzLo@!', 'Rachna', 'Gupta', 'Female', 9123456755, 'rachna.gupta@example.com', 'Pune', 'Pune', 'Maharashtra'),
('USR056', 'Zp!1NmLp@$', 'Nikhil', 'Joshi', 'Male', 9123456756, 'nikhil.joshi@example.com', 'Rajkot', 'Rajkot', 'Gujarat'),
('USR057', 'Wp@7MzLp#$', 'Palak', 'Bhatia', 'Female', 9123456757, 'palak.bhatia@example.com', 'Jodhpur', 'Jodhpur', 'Rajasthan'),
('USR058', 'Xk$5WpNm@!', 'Sameer', 'Kapoor', 'Male', 9123456758, 'sameer.kapoor@example.com', 'Delhi', 'Delhi', 'Delhi'),
('USR059', 'Qm@2OpLz!$', 'Shruti', 'Malhotra', 'Female', 9123456759, 'shruti.malhotra@example.com', 'Chandigarh', 'Chandigarh', 'Chandigarh'),
('USR060', 'Tk!6LmNp@$', 'Parth', 'Naik', 'Male', 9123456760, 'parth.naik@example.com', 'Nashik', 'Nashik', 'Maharashtra'),
('USR061', 'Lp@9MzNp#$', 'Jignesh', 'Thakkar', 'Male', 9123456761, 'jignesh.thakkar@example.com', 'Ahmedabad', 'Ahmedabad', 'Gujarat'),
('USR062', 'Qk$3OpLm!$', 'Disha', 'Patel', 'Female', 9123456762, 'disha.patel@example.com', 'Vadodara', 'Vadodara', 'Gujarat'),
('USR063', 'Wp!2LmNp#$', 'Hardik', 'Shah', 'Male', 9123456763, 'hardik.shah@example.com', 'Surat', 'Surat', 'Gujarat'),
('USR064', 'Kz@4OpMq!$', 'Mitali', 'Rana', 'Female', 9123456764, 'mitali.rana@example.com', 'Mumbai', 'Mumbai', 'Maharashtra'),
('USR065', 'Tp!7WpNm@$', 'Nirav', 'Desai', 'Male', 9123456765, 'nirav.desai@example.com', 'Rajkot', 'Rajkot', 'Gujarat'),
('USR066', 'Mz$5WpNl#$', 'Pooja', 'Jain', 'Female', 9123456766, 'pooja.jain@example.com', 'Pune', 'Pune', 'Maharashtra'),
('USR067', 'Nk!6LmPz@$', 'Rakesh', 'Patel', 'Male', 9123456767, 'rakesh.patel@example.com', 'Vadodara', 'Vadodara', 'Gujarat'),
('USR068', 'Vk@8NmLq!$', 'Neha', 'Rathod', 'Female', 9123456768, 'neha.rathod@example.com', 'Surat', 'Surat', 'Gujarat'),
('USR069', 'Xp$1OpMl#$', 'Dhruv', 'Joshi', 'Male', 9123456769, 'dhruv.joshi@example.com', 'Ahmedabad', 'Ahmedabad', 'Gujarat'),
('USR070', 'Zk!9LmNp@$', 'Simran', 'Kapoor', 'Female', 9123456770, 'simran.kapoor@example.com', 'Mumbai', 'Mumbai', 'Maharashtra'),
('USR071', 'Qz$2OpLz@!', 'Bhavesh', 'Mehta', 'Male', 9123456771, 'bhavesh.mehta@example.com', 'Rajkot', 'Rajkot', 'Gujarat'),
('USR072', 'Wp!5LmPq@$', 'Sonali', 'Gupta', 'Female', 9123456772, 'sonali.gupta@example.com', 'Indore', 'Indore', 'Madhya Pradesh'),
('USR073', 'Kp@3NmLz#$', 'Vikas', 'Chauhan', 'Male', 9123456773, 'vikas.chauhan@example.com', 'Delhi', 'Delhi', 'Delhi'),
('USR074', 'Tp$4OpMl@!', 'Tina', 'Malik', 'Female', 9123456774, 'tina.malik@example.com', 'Chandigarh', 'Chandigarh', 'Chandigarh'),
('USR075', 'Mz!6WpNp@$', 'Harsh', 'Bansal', 'Male', 9123456775, 'harsh.bansal@example.com', 'Lucknow', 'Lucknow', 'Uttar Pradesh');

------------------------------------------------------------------------------------------------------------------------------------------------------------------

INSERT INTO wishlist VALUES
('USR039','MID003','2024-12-12'),
('USR039','AID003','2025-01-12'),
('USR038','MID030','2024-02-13'),
('USR009','MID008','2025-02-14'),
('USR001', 'MID001', '2025-04-01'),
('USR001', 'AID001', '2025-04-02'),
('USR002', 'MID002', '2025-04-02'),
('USR002', 'AID002', '2025-04-03'),
('USR003', 'MID003', '2025-04-03'),
('USR003', 'AID003', '2025-04-04'),
('USR004', 'MID004', '2025-04-04'),
('USR004', 'AID004', '2025-04-05'),
('USR005', 'MID005', '2025-04-05'),
('USR005', 'AID005', '2025-04-06'),
('USR006', 'MID006', '2025-04-06'),
('USR006', 'AID006', '2025-04-07'),
('USR007', 'MID007', '2025-04-07'),
('USR007', 'AID007', '2025-04-08'),
('USR008', 'MID008', '2025-04-08'),
('USR008', 'AID008', '2025-04-09'),
('USR009', 'MID009', '2025-04-09'),
('USR009', 'AID009', '2025-04-10'),
('USR010', 'MID010', '2025-04-10'),
('USR010', 'AID010', '2025-04-11'),
('USR011', 'MID011', '2025-04-11'),
('USR012', 'AID011', '2025-04-12'),
('USR012', 'MID012', '2025-04-12'),
('USR013', 'AID012', '2025-04-13'),
('USR014', 'MID013', '2025-04-13'),
('USR015', 'AID013', '2025-04-14'),
('USR015', 'MID014', '2025-04-14'),
('USR016', 'AID014', '2025-04-15'),
('USR017', 'MID015', '2025-04-15'),
('USR018', 'AID015', '2025-04-16'),
('USR019', 'MID016', '2025-04-16'),
('USR020', 'AID016', '2025-04-17'),
('USR021', 'MID017', '2025-04-17'),
('USR022', 'AID017', '2025-04-18'),
('USR023', 'MID018', '2025-04-18'),
('USR024', 'AID018', '2025-04-19'),
('USR025', 'MID019', '2025-04-19'),
('USR026', 'AID019', '2025-04-20'),
('USR027', 'MID020', '2025-04-20'),
('USR028', 'AID020', '2025-04-21'),
('USR029', 'MID021', '2025-04-21'),
('USR030', 'AID021', '2025-04-22'),
('USR031', 'MID022', '2025-04-22'),
('USR032', 'AID022', '2025-04-23'),
('USR033', 'MID023', '2025-04-23'),
('USR034', 'AID023', '2025-04-24'),
('USR035', 'MID024', '2025-04-24'),
('USR036', 'AID024', '2025-04-25'),
('USR037', 'MID025', '2025-04-25'),
('USR038', 'AID025', '2025-04-26'),
('USR039', 'MID026', '2025-04-26'),
('USR040', 'AID026', '2025-04-27'),
('USR041', 'MID027', '2025-04-27'),
('USR042', 'AID027', '2025-04-28'),
('USR043', 'MID028', '2025-04-28'),
('USR044', 'AID028', '2025-04-29'),
('USR045', 'MID029', '2025-04-29'),
('USR046', 'AID029', '2025-04-30'),
('USR047', 'MID030', '2025-04-30'),
('USR048', 'AID030', '2025-04-30'),
('USR049', 'MID031', '2025-04-01'),
('USR050', 'AID031', '2025-04-01'),
('USR051', 'MID032', '2025-04-02'),
('USR052', 'AID032', '2025-04-02'),
('USR053', 'MID033', '2025-04-03'),
('USR054', 'AID033', '2025-04-03'),
('USR055', 'MID034', '2025-04-04'),
('USR056', 'AID034', '2025-04-04'),
('USR057', 'MID035', '2025-04-05'),
('USR058', 'AID035', '2025-04-05'),
('USR059', 'MID036', '2025-04-06'),
('USR060', 'AID036', '2025-04-06'),
('USR061', 'MID037', '2025-04-07'),
('USR062', 'AID037', '2025-04-07'),
('USR063', 'MID038', '2025-04-08'),
('USR064', 'AID038', '2025-04-08'),
('USR065', 'MID039', '2025-04-09'),
('USR066', 'AID039', '2025-04-09'),
('USR067', 'MID040', '2025-04-10'),
('USR068', 'AID040', '2025-04-10'),
('USR069', 'MID041', '2025-04-11'),
('USR071', 'MID042', '2025-04-12'),
('USR073', 'MID043', '2025-04-13'),
('USR075', 'MID044', '2025-04-14'),
('USR001', 'MID045', '2025-04-14'),
('USR003', 'MID046', '2025-04-15'),
('USR005', 'MID047', '2025-04-16'),
('USR007', 'MID048', '2025-04-17'),
('USR009', 'MID049', '2025-04-18');

------------------------------------------------------------------------------------------------------------------------------------------------------------------


INSERT INTO orders VALUES
('ORD001', 'USR001', 'MID001', 1, '2025-04-01', 'UPI'),
('ORD002', 'USR001', 'MID002', 1, '2025-04-02', 'Credit Card'),
('ORD003', 'USR002', 'MID010', 1, '2025-04-02', 'Debit Card'),
('ORD004', 'USR002', 'MID015', 1, '2025-04-03', 'Cash'),
('ORD005', 'USR003', 'MID020', 1, '2025-04-03', 'UPI'),
('ORD006', 'USR004', 'MID021', 1, '2025-04-04', 'Credit Card'),
('ORD007', 'USR004', 'MID030', 1, '2025-04-05', 'UPI'),
('ORD008', 'USR005', 'MID035', 1, '2025-04-05', 'Cash'),
('ORD009', 'USR005', 'MID040', 1, '2025-04-06', 'Debit Card'),
('ORD010', 'USR006', 'MID050', 1, '2025-04-06', 'UPI'),
('ORD011', 'USR006', 'MID051', 1, '2025-04-07', 'Credit Card'),
('ORD012', 'USR007', 'MID060', 1, '2025-04-07', 'UPI'),
('ORD013', 'USR007', 'MID061', 1, '2025-04-08', 'Cash'),
('ORD014', 'USR008', 'MID062', 1, '2025-04-08', 'UPI'),
('ORD015', 'USR009', 'MID063', 1, '2025-04-08', 'Credit Card'),
('ORD016', 'USR010', 'MID064', 1, '2025-04-09', 'Debit Card'),
('ORD017', 'USR010', 'MID065', 1, '2025-04-09', 'Cash'),
('ORD018', 'USR001', 'MID066', 1, '2025-04-10', 'Credit Card'),
('ORD019', 'USR002', 'MID067', 1, '2025-04-10', 'Debit Card'),
('ORD020', 'USR003', 'MID068', 1, '2025-04-11', 'UPI'),
('ORD021', 'USR004', 'MID070', 1, '2025-04-11', 'UPI'),
('ORD031', 'USR001', 'AID001', 4, '2025-04-01', 'UPI'),
('ORD032', 'USR002', 'AID002', 4, '2025-04-01', 'Cash'),
('ORD033', 'USR002', 'AID003', 4, '2025-04-02', 'Debit Card'),
('ORD034', 'USR003', 'AID004', 4, '2025-04-03', 'Credit Card'),
('ORD035', 'USR004', 'AID005', 5, '2025-04-03', 'UPI'),
('ORD036', 'USR005', 'AID006', 5, '2025-04-04', 'Debit Card'),
('ORD037', 'USR006', 'AID007', 5, '2025-04-04', 'Cash'),
('ORD038', 'USR007', 'AID008', 5, '2025-04-05', 'UPI'),
('ORD039', 'USR008', 'AID009', 5, '2025-04-05', 'Credit Card'),
('ORD040', 'USR009', 'AID010', 5, '2025-04-06', 'UPI'),
('ORD041', 'USR010', 'AID011', 5, '2025-04-06', 'Cash'),
('ORD042', 'USR001', 'AID012', 8, '2025-04-07', 'Credit Card'),
('ORD043', 'USR002', 'AID013', 2, '2025-04-07', 'UPI'),
('ORD044', 'USR003', 'AID014', 3, '2025-04-08', 'Debit Card'),
('ORD045', 'USR004', 'AID015', 1, '2025-04-08', 'Credit Card'),
('ORD046', 'USR005', 'AID016', 3, '2025-04-09', 'UPI'),
('ORD047', 'USR006', 'AID017', 4, '2025-04-09', 'Cash'),
('ORD048', 'USR007', 'AID018', 5, '2025-04-10', 'UPI'),
('ORD049', 'USR008', 'AID019', 5, '2025-04-10', 'Debit Card'),
('ORD050', 'USR009', 'AID020', 5, '2025-04-11', 'Credit Card'),
('ORD051', 'USR010', 'AID021', 5, '2025-04-11', 'Cash'),
('ORD052', 'USR001', 'AID022', 5, '2025-04-12', 'UPI'),
('ORD053', 'USR002', 'AID023', 5, '2025-04-12', 'Credit Card'),
('ORD054', 'USR003', 'AID024', 5, '2025-04-13', 'Cash'),
('ORD055', 'USR004', 'AID025', 5, '2025-04-13', 'UPI'),
('ORD056', 'USR005', 'AID026', 5, '2025-04-14', 'Credit Card'),
('ORD057', 'USR006', 'AID027', 5, '2025-04-14', 'Debit Card'),
('ORD058', 'USR007', 'AID028', 3, '2025-04-15', 'UPI'),
('ORD059', 'USR008', 'AID029', 4, '2025-04-15', 'Cash'),
('ORD060', 'USR009', 'AID030', 2, '2025-04-16', 'Credit Card'),
('ORD061', 'USR021', 'MID080', 1, '2025-04-17', 'Credit Card'),
('ORD062', 'USR022', 'MID081', 1, '2025-04-17', 'UPI'),
('ORD063', 'USR023', 'MID082', 1, '2025-04-18', 'Debit Card'),
('ORD064', 'USR024', 'MID083', 1, '2025-04-18', 'Cash'),
('ORD065', 'USR025', 'MID084', 1, '2025-04-19', 'UPI'),
('ORD066', 'USR026', 'MID085', 1, '2025-04-19', 'Credit Card'),
('ORD067', 'USR027', 'MID086', 1, '2025-04-20', 'Cash'),
('ORD068', 'USR028', 'MID087', 1, '2025-04-20', 'UPI'),
('ORD069', 'USR029', 'MID088', 1, '2025-04-21', 'Debit Card'),
('ORD070', 'USR030', 'MID089', 1, '2025-04-21', 'Cash'),
('ORD071', 'USR031', 'MID090', 1, '2025-04-22', 'UPI'),
('ORD072', 'USR032', 'MID091', 1, '2025-04-22', 'Credit Card'),
('ORD073', 'USR033', 'MID092', 1, '2025-04-23', 'UPI'),
('ORD074', 'USR034', 'MID093', 1, '2025-04-23', 'Debit Card'),
('ORD075', 'USR035', 'MID094', 1, '2025-04-24', 'Cash'),
('ORD076', 'USR036', 'AID031', 2, '2025-04-17', 'UPI'),
('ORD077', 'USR037', 'AID032', 1, '2025-04-18', 'Cash'),
('ORD078', 'USR038', 'AID033', 3, '2025-04-19', 'Credit Card'),
('ORD079', 'USR039', 'AID034', 2, '2025-04-19', 'UPI'),
('ORD080', 'USR040', 'AID035', 1, '2025-04-20', 'Debit Card'),
('ORD081', 'USR041', 'AID036', 2, '2025-04-20', 'Cash'),
('ORD082', 'USR042', 'AID037', 1, '2025-04-21', 'Credit Card'),
('ORD083', 'USR043', 'AID038', 3, '2025-04-21', 'UPI'),
('ORD084', 'USR044', 'AID039', 1, '2025-04-22', 'Credit Card'),
('ORD086', 'USR007', 'MID071', 1, '2025-04-08', 'Cash'),
('ORD087', 'USR008', 'MID072', 1, '2025-04-08', 'UPI'),
('ORD088', 'USR009', 'MID073', 1, '2025-04-08', 'Credit Card'),
('ORD089', 'USR010', 'MID074', 1, '2025-04-09', 'Debit Card'),
('ORD090', 'USR010', 'MID075', 1, '2025-04-09', 'Cash'),
('ORD091', 'USR001', 'MID076', 1, '2025-04-10', 'Credit Card'),
('ORD092', 'USR002', 'MID077', 1, '2025-04-10', 'Debit Card'),
('ORD093', 'USR003', 'MID078', 1, '2025-04-11', 'UPI'),
('ORD094', 'USR004', 'MID079', 1, '2025-04-11', 'UPI'),
('ORD095','USR045','AID040',7,'2024-04-10','Cash');



------------------------------------------------------------------------------------------------------------------------------------------------------------------

INSERT INTO review VALUES
('MID001', 'USR001', '2025-04-05', 4.5, 'Drives smoothly, very comfortable.'),
('MID002', 'USR001', '2025-04-06', 4.2, 'Good engine performance and handling.'),
('MID010', 'USR002', '2025-04-06', 3.9, 'Nice pickup, average interior quality.'),
('MID015', 'USR002', '2025-04-07', 4.0, 'Stylish design and comfortable.'),
('MID020', 'USR003', '2025-04-08', 4.3, 'Fuel efficient and reliable for city drive.'),
('MID021', 'USR004', '2025-04-08', 4.6, 'Excellent performance, value for money.'),
('MID030', 'USR004', '2025-04-09', 3.7, 'Average ride comfort, good mileage.'),
('MID035', 'USR005', '2025-04-10', 4.1, 'Reliable and good service support.'),
('MID040', 'USR005', '2025-04-10', 3.9, 'Interior build could be better.'),
('MID050', 'USR006', '2025-04-11', 4.4, 'Smooth transmission and tech features.'),
('MID051', 'USR006', '2025-04-11', 4.0, 'Good for family use.'),
('MID060', 'USR007', '2025-04-12', 4.7, 'Excellent overall quality.'),
('MID061', 'USR007', '2025-04-13', 3.8, 'Decent mileage, not much boot space.'),
('MID062', 'USR008', '2025-04-13', 4.3, 'Strong engine, smooth clutch.'),
('MID063', 'USR009', '2025-04-13', 3.6, 'Value for price but limited leg room.'),
('MID064', 'USR010', '2025-04-14', 4.5, 'Great power and AC performance.'),
('MID065', 'USR010', '2025-04-14', 4.1, 'Seats are very comfortable.'),
('MID066', 'USR001', '2025-04-15', 3.9, 'Gearbox is slightly hard.'),
('MID067', 'USR002', '2025-04-15', 4.0, 'Solid and durable build.'),
('MID068', 'USR003', '2025-04-16', 4.2, 'Smooth gearshift and good visibility.'),
('AID001', 'USR001', '2025-04-02', 4.5, 'Material quality is excellent.'),
('AID002', 'USR002', '2025-04-02', 3.8, 'Useful but a bit overpriced.'),
('AID003', 'USR002', '2025-04-03', 4.1, 'Durable and perfect fit.'),
('AID004', 'USR003', '2025-04-04', 4.3, 'Sleek finish, easy installation.'),
('AID005', 'USR004', '2025-04-04', 4.4, 'Improves car aesthetics.'),
('AID006', 'USR005', '2025-04-05', 3.9, 'Works well but could be cheaper.'),
('AID007', 'USR006', '2025-04-05', 4.2, 'Worth the price, decent quality.'),
('AID008', 'USR007', '2025-04-06', 4.0, 'Perfect match with the interior.'),
('AID009', 'USR008', '2025-04-06', 4.1, 'Protects well from dust.'),
('AID010', 'USR009', '2025-04-07', 3.7, 'Color fades slightly with time.'),
('AID011', 'USR010', '2025-04-07', 4.5, 'Amazing grip and feel.'),
('AID012', 'USR001', '2025-04-08', 4.3, 'Easy to clean and maintain.'),
('AID013', 'USR002', '2025-04-08', 4.0, 'Quality is quite good.'),
('AID014', 'USR003', '2025-04-09', 3.9, 'Basic but does the job.'),
('AID015', 'USR004', '2025-04-09', 4.4, 'Feels premium and strong.'),
('AID016', 'USR005', '2025-04-10', 4.2, 'Excellent stitching and durability.'),
('AID017', 'USR006', '2025-04-10', 3.8, 'Meets expectations.'),
('AID018', 'USR007', '2025-04-11', 4.0, 'Color matches the listing.'),
('AID019', 'USR008', '2025-04-11', 4.1, 'Looks modern and stylish.'),
('AID020', 'USR009', '2025-04-12', 3.6, 'Smaller than expected.'),
('AID021', 'USR010', '2025-04-12', 4.3, 'Good texture and feel.'),
('MID080', 'USR021', '2025-04-18', 4.4, 'Feels strong and elegant.'),
('MID081', 'USR022', '2025-04-18', 4.2, 'Responsive engine.'),
('MID082', 'USR023', '2025-04-19', 3.9, 'Compact yet efficient.'),
('MID083', 'USR024', '2025-04-19', 4.1, 'No engine noise at high speed.'),
('MID084', 'USR025', '2025-04-20', 4.0, 'Best choice in this range.'),
('MID085', 'USR026', '2025-04-20', 4.3, 'Durable and solid quality.'),
('MID086', 'USR027', '2025-04-21', 4.1, 'Balanced drive experience.'),
('MID087', 'USR028', '2025-04-21', 4.0, 'Build quality is impressive.'),
('MID088', 'USR029', '2025-04-22', 3.8, 'Interior could be improved.'),
('MID089', 'USR030', '2025-04-22', 4.2, 'Smooth clutch and steering.'),
('AID031', 'USR036', '2025-04-18', 4.0, 'Fits my vehicle perfectly.'),
('AID032', 'USR037', '2025-04-19', 4.1, 'Nice finishing and strength.'),
('AID033', 'USR038', '2025-04-20', 3.9, 'Lightweight and handy.'),
('AID034', 'USR039', '2025-04-20', 4.0, 'Met all expectations.'),
('AID035', 'USR040', '2025-04-21', 4.2, 'Affordable and quality product.'),
('AID036', 'USR041', '2025-04-21', 4.1, 'Looks great on dashboard.'),
('AID037', 'USR042', '2025-04-22', 4.3, 'Superb packaging and fit.'),
('MID090', 'USR031', '2025-04-22', 4.3, 'Spacious interior and smooth ride.'),
('MID091', 'USR032', '2025-04-23', 4.1, 'Very responsive and fuel efficient.'),
('MID092', 'USR033', '2025-04-24', 4.5, 'Build quality is top-notch.'),
('MID093', 'USR034', '2025-04-24', 3.9, 'Satisfactory engine and pickup.'),
('MID094', 'USR035', '2025-04-25', 4.0, 'Good family car.'),
('AID038', 'USR043', '2025-04-21', 4.2, 'Matches color and durable.'),
('AID039', 'USR044', '2025-04-22', 4.3, 'Protects well from scratches.'),
('AID040', 'USR045', '2025-04-22', 4.1, 'Clean finish, worth the price.');

------------------------------------------------------------------------------------------------------------------------------------------------------------------



INSERT INTO service VALUES
('MID001', 'USR001', 'SEL001', '2025-08-10', '2025-08-12', 'yet to start', 1450),
('MID001', 'USR001', 'SEL002', '2025-09-05', '2025-09-07', 'in process', 1600),
('MID001', 'USR001', 'SEL003', '2025-10-01', '2025-10-03', 'ending', 1500),
('MID002', 'USR001', 'SEL001', '2025-08-11', '2025-08-13', 'yet to start', 1400),
('MID002', 'USR001', 'SEL004', '2025-09-10', '2025-09-12', 'in process', 1350),
('MID002', 'USR001', 'SEL005', '2025-10-15', '2025-10-17', 'ending', 1550),
('MID010', 'USR002', 'SEL001', '2025-08-15', '2025-08-17', 'yet to start', 1500),
('MID010', 'USR002', 'SEL002', '2025-09-20', '2025-09-22', 'in process', 1450),
('MID010', 'USR002', 'SEL003', '2025-10-10', '2025-10-12', 'ending', 1650),
('MID015', 'USR002', 'SEL001', '2025-08-18', '2025-08-20', 'yet to start', 1600),
('MID015', 'USR002', 'SEL004', '2025-09-25', '2025-09-27', 'in process', 1550),
('MID015', 'USR002', 'SEL005', '2025-10-20', '2025-10-22', 'ending', 1700),
('MID020', 'USR003', 'SEL002', '2025-08-20', '2025-08-22', 'yet to start', 1500),
('MID021', 'USR004', 'SEL003', '2025-08-22', '2025-08-24', 'in process', 1400),
('MID030', 'USR004', 'SEL001', '2025-08-25', '2025-08-27', 'ending', 1550),
('MID035', 'USR005', 'SEL001', '2025-08-28', '2025-08-30', 'yet to start', 1500),
('MID035', 'USR005', 'SEL002', '2025-09-15', '2025-09-17', 'in process', 1400),
('MID035', 'USR005', 'SEL003', '2025-10-05', '2025-10-07', 'ending', 1600),
('MID040', 'USR005', 'SEL001', '2025-09-01', '2025-09-03', 'yet to start', 1550),
('MID040', 'USR005', 'SEL004', '2025-09-18', '2025-09-20', 'in process', 1450),
('MID040', 'USR005', 'SEL005', '2025-10-08', '2025-10-10', 'ending', 1700),
('MID051', 'USR006', 'SEL002', '2025-09-10', '2025-09-12', 'in process', 1500),
('MID060', 'USR007', 'SEL003', '2025-09-15', '2025-09-17', 'ending', 1450),
('MID061', 'USR007', 'SEL001', '2025-09-20', '2025-09-22', 'yet to start', 1500),
('MID062', 'USR008', 'SEL001', '2025-09-25', '2025-09-27', 'in process', 1550),
('MID063', 'USR009', 'SEL002', '2025-09-28', '2025-09-30', 'ending', 1600),
('MID064', 'USR010', 'SEL003', '2025-10-01', '2025-10-03', 'yet to start', 1500),
('MID065', 'USR010', 'SEL001', '2025-10-05', '2025-10-07', 'in process', 1450),
('MID066', 'USR001', 'SEL001', '2025-10-10', '2025-10-12', 'ending', 1600),
('MID066', 'USR001', 'SEL002', '2025-10-15', '2025-10-17', 'yet to start', 1550),
('MID067', 'USR002', 'SEL003', '2025-10-20', '2025-10-22', 'in process', 1700),
('MID067', 'USR002', 'SEL001', '2025-10-25', '2025-10-27', 'ending', 1500),
('MID010', 'USR002', 'SEL001', '2025-11-01', '2025-11-03', 'yet to start', 1650),
('MID015', 'USR002', 'SEL002', '2025-11-05', '2025-11-07', 'in process', 1700),
('MID020', 'USR003', 'SEL003', '2025-11-10', '2025-11-12', 'ending', 1600),
('MID021', 'USR004', 'SEL001', '2025-11-15', '2025-11-17', 'yet to start', 1550),
('MID030', 'USR004', 'SEL002', '2025-11-20', '2025-11-22', 'in process', 1650),
('MID035', 'USR005', 'SEL003', '2025-11-25', '2025-11-27', 'ending', 1700),
('MID040', 'USR005', 'SEL001', '2025-11-28', '2025-11-30', 'yet to start', 1500),
('MID050', 'USR006', 'SEL002', '2025-12-01', '2025-12-03', 'in process', 1600),
('MID051', 'USR006', 'SEL003', '2025-12-05', '2025-12-07', 'ending', 1550),
('MID060', 'USR007', 'SEL001', '2025-12-10', '2025-12-12', 'yet to start', 1500),
('MID061', 'USR007', 'SEL002', '2025-12-15', '2025-12-17', 'in process', 1450),
('MID062', 'USR008', 'SEL003', '2025-12-20', '2025-12-22', 'ending', 1600),
('MID063', 'USR009', 'SEL001', '2025-12-25', '2025-12-27', 'yet to start', 1500),
('MID064', 'USR010', 'SEL002', '2025-12-28', '2025-12-30', 'in process', 1650),
('MID065', 'USR010', 'SEL003', '2026-01-01', '2026-01-03', 'ending', 1700);

commit;
